Workbook

Sheet 관리대장
A1: ID | B1: 우선순위 | C1: 시스템 | D1: 영역 | E1: 항목명 | F1: 내용 요약 | G1: 리스크·영향 | H1: 근거 (문서·조항) | I1: 대응(처리)방안 | J1: 확인 필요처 | K1: 담당 | L1: 상태 | M1: 검증 기준 (SOW §11 연계) | N1: 목표 시점 | O1: 최종 업데이트 | P1: 비고
A2: KEC-01 | B2: P1 | C2: KEC | D2: 연동/장애 | E2: enroll provider 매칭 회귀 | F2: 커밋 8d89c197(2026-07-02) onOptIn() 신설 시 selectOesEventIdForUser() 매칭 호출 유실. 현재 HEAD는 oesEventIds 전체 순회 enroll. selectOesEventIdForUser()는 호출부 0건 데드코드. | G2: 다중 oesEventId 이벤트에서 플랫폼 불일치 ID enroll → OES 400(mismatch) → BaseException → GET /user 전체 500 | H2: KEC 가이드 §5-1, §5-5 #1 | I2: ① 다중 oesEventId 운영 이벤트 존재 여부 확인(C안=회피). ② 정식 수정: A안(원복, 매칭 1건만 enroll) 또는 B안(mismatch 400은 warn 후 skip). SOW §3.4 '부분실패 격리' 원칙상 B안 방향 부합, A안 병행 권장. ③ 회귀 재발 방지 integration test 추가. | J2: 커밋 8d89c197 작성자 (의도적 제거 여부) | L2: 미착수 | M2: 다중 ID 이벤트 enroll 정상 + 500 미발생, 회귀 테스트 통과 | P2: 가장 먼저 확인해야 할 항목(가이드 명시)
A3: BOC-01 | B3: P1 | C3: BOC | D3: 보안 | E3: JWT 쿠키 httpOnly 미적용 | F3: store/auth/common.js 로그인 처리에 JWT 쿠키 httpOnly 미적용 이슈 존재. | G3: v-html XSS(BOC-02)와 결합 시 JS로 토큰 탈취 → 운영자(콘텐츠·권한·보상설정 권한) 계정 탈취 경로 | H3: BOC 가이드 §4.1 | I3: JWT 쿠키 httpOnly + Secure + SameSite 적용 검토. 인증 변경은 회귀 위험 크므로 STG 선검증 + rollback plan 필수. SOW §8.4 대상 → KRAFTON 보안팀 검수(§5.2) 통해 진행·재검증 결과 제출. | J3: KRAFTON 보안팀 | L3: 미착수 | M3: OWASP 대응 완료 + 보안팀 재검증 완료(SOW §8.4) | P3: BOC-02와 결합 리스크 → 함께 P1
A4: BOC-02 | B4: P1 | C4: BOC | D4: 보안 | E4: v-html(XSS) 허용 · DOMPurify 미적용 | F4: vue/no-v-html 룰 허용 상태. v-html 사용처 XSS 위험, DOMPurify 검토 필요. | G4: 사용자 입력/외부데이터 렌더 구간 스크립트 주입 → BOC-01과 결합 시 계정 탈취 | H4: BOC 가이드 §6 | I4: v-html 사용처 전수 조사 → 입력/외부데이터 구간 DOMPurify 적용. SOW §8.4(OWASP XSS) 대상 → 보안팀 검수 절차로 진행. | J4: KRAFTON 보안팀 | L4: 미착수 | M4: v-html 구간 sanitize 적용 + 재검증(SOW §8.4)
A5: KEC-02 | B5: P2 | C5: KEC | D5: 연동/정합성 | E5: enroll 멱등성 미확인 | F5: 동일 유저 2회 enroll 시 동작 문서화 없음(미확인). | G5: 재시도·연타 시 중복 지급 리스크 | H5: KEC 가이드 §5-6 | I5: #external-api(Slack)/PHQ에 스펙 문의 → 멱등성 보장 여부 확인. 미보장 시 idempotency key/중복 방지 로직 검증·보강. SOW §11 Acceptance(멱등성 검증) 직결. | J5: PUBG (#external-api / PHQ) | L5: 미착수 | M5: 멱등성·중복지급 방지 검증 완료(SOW §11) | P5: User Lock/Optimistic Lock과 함께 검토
A6: KEC-03 | B6: P2 | C6: KEC | D6: 연동/성능 | E6: OES rate limit 미확인 | F6: OES 측 rate limit 값 미확인. | G6: 이벤트 오픈/보상 피크 시 병목·장애 유발 가능 | H6: KEC 가이드 §5-6 | I6: PUBG 측 rate limit 확인 → 확인값 기반 부하/스트레스 테스트 + retry/backoff·장애격리 검증. 결과를 SOW §10.2 산출물(부하테스트·병목분석)로 제출. | J6: PUBG (#external-api / PHQ) | L6: 미착수 | M6: rate limit·retry/backoff·장애격리 검증(SOW §11)
A7: KEC-04 | B7: P2 | C7: KEC | D7: 연동/보안 | E7: ExternalApi 인증토큰 만료정책 미확인 | F7: 설정에 고정 토큰으로 존재. 발급·갱신 주체·만료정책 불명(미확인). | G7: 토큰 만료 시 OES 연동 전면 장애 | H7: KEC 가이드 §5-6 | I7: PUBG 측에 발급·갱신 주체·만료정책 확인. 고정 토큰을 회전·만료 알림 체계로 이관 검토(SOW §8.3 secret 회전 절차). | J7: PUBG 측 | L7: 미착수 | M7: 토큰 만료·회전 절차 문서화 + secret 관리 준수(SOW §8.3)
A8: KEC-05 | B8: P2 | C8: KEC | D8: 연동/성능 | E8: WebClient 타임아웃·최대커넥션 실제값 미확인 | F8: WebClientConfig.kt pubgHttpClient 타임아웃·커넥션 정의 확인 필요(미확인). | G8: 값 미상 시 피크 부하 대응·장애격리 설계 불가 | H8: KEC 가이드 §5-6 | I8: WebClientConfig.kt 실제값 확인 → 부하 시나리오에 맞게 타임아웃/커넥션·backoff 튜닝. SOW §11 부하·장애격리 검증에 반영. | J8: 코드 확인 (Grove) | L8: 미착수 | M8: 타임아웃/커넥션 설정 검증 + 부하 검증(SOW §11)
A9: KEC-06 | B9: P2 | C9: KEC | D9: 환경/정합성 | E9: staging이 라이브 OES를 바라봄 | F9: ec-pubg-api-staging.yml staging 설정이 라이브 OES 참조. '의도 확인 필요'. | G9: staging 테스트가 라이브 데이터/지급에 영향 | H9: KEC 가이드 §5-3 #8, §5-5 #3 | I9: 의도성 확인 → 비의도면 staging용 OES endpoint로 분리. config 변경은 SOW §7.3(별도 review·승인) 절차 준수. | J9: KRAFTON 운영/PUBG | L9: 미착수 | M9: 환경 분리 후 STG 검증 + config 변경 승인(SOW §7.3)
A10: KEC-07 | B10: P2 | C10: KEC | D10: 정합성/버그 | E10: 콘솔 ID 변환 전체치환 버그 | F10: convertOesEventIdIfConsole(): 판정 endsWith('pc')인데 치환 replace('pc','cs')(전체치환). ID 중간 pc까지 변조. | G10: 예: pccafe_event_pc → cscafe_event_cs 오변환. 실피해 미확인. | H10: KEC 가이드 §5-2, §5-5 #2 | I10: 운영 중 oesEventId 실값 점검(2026-08 감사 prod 21건) → 피해 여부 판정 후 removeSuffix('pc')+'cs' 형태로 수정. | J10: Grove (코드) + 운영 데이터 확인 | L10: 미착수 | M10: 치환 로직 수정 + prod ID 회귀 검증
A11: KEC-08 | B11: P3 | C11: KEC | D11: 연동/에러처리 | E11: OES 400 응답본문 포맷 미확인 | F11: mismatch 외 4xx 사유 목록 없음(미확인). | G11: 예외 처리 분기 불완전 → 오류 원인 파악 지연 | H11: KEC 가이드 §5-6 | I11: PUBG 측 4xx 사유 목록 확보 → 에러 매핑·로깅 보강. | J11: PUBG (#external-api / PHQ) | L11: 미착수 | M11: 4xx 사유별 처리·로깅 정비
A12: KEC-09 | B12: P3 | C12: KEC | D12: 연동/사양 | E12: EventConfigDesc 가능 미션목록 미확인 | F12: PUBG 소관. 새 미션 종류 필요 시 선행 개발 필요(미확인). | G12: 신규 미션 유형 요구 시 리드타임·의존성 발생 | H12: KEC 가이드 §5-6 | I12: PUBG 측 지원 미션 목록 확인 → 신규 미션 요구 시 선행 개발 리드타임 반영. | J12: PUBG 측 | L12: 미착수 | M12: 지원 미션 목록 확보
A13: BOC-03 | B13: P3 | C13: BOC | D13: QA/부채 | E13: F/E 테스트 커버리지 ~3% | F13: UseCase 테스트 부재(약 3%, 목표 60%). | G13: 리팩토링 시 회귀 위험 | H13: BOC 가이드 §6 | I13: UseCase 우선 테스트 확보 → 리팩토링 회귀 안전망. SOW §11 QA 요건과 연계, 목표 커버리지 단계적 상향. | J13: Grove | L13: 미착수 | M13: 핵심 UseCase 커버리지 확보 + regression(SOW §11)
A14: KEC-10 | B14: P3 | C14: KEC | D14: 부채/정리 | E14: PC방 레거시 함수군 제거 + 데드코드 | F14: PubgGameApiAdapter 'PC방 레거시' region @Deprecated 함수군(v1 잔재). selectOesEventIdForUser() 데드코드(KEC-01 동건). | G14: 미사용 코드 잔존으로 유지보수·오호출 리스크 | H14: KEC 가이드 §5-3 #1,#2, §5-5 #4 | I14: 호출부 0 확인 후 제거. KEC-01 처리와 연계하여 데드코드 동시 정리. | J14: Grove | L14: 미착수 | M14: 제거 후 회귀 미발생 | P14: KEC-01과 연계
A15: KEC-11 | B15: P3 | C15: KEC | D15: 정합성/부채 | E15: MongoDB AtomicCounter 레거시 | F15: Redis Lua 카운터와 MongoDB 기반 카운터(CustomAtomicCounterRepositoryImpl) 공존(레거시). | G15: 선착순 카운터 이중 구현 → 정합성 혼선 소지 | H15: KEC 가이드 트래픽 방어 체계 | I15: point-of-truth 단일화 검토. cold start 복원 로직(MongoDB 재카운트) 영향 확인 후 정리. | J15: Grove | L15: 미착수 | M15: 카운터 정합성 검증 | P15: 선착순 보장 로직
A16: KEC-12 | B16: P3 | C16: KEC | D16: 부채/코드 | E16: 에러코드 4005 TODO(400→500) | F16: USER_ALREADY_IN_PROCESS_INTERRUPTED 현재 400, TODO 500 변경 예정. | G16: 상태코드 의미 불일치 → 모니터링/클라이언트 처리 혼선 | H16: KEC 가이드 User Lock | I16: 상태코드 정합화(400→500) 반영 전 모니터링 alert·클라이언트 영향 확인. | J16: Grove | L16: 미착수 | M16: 코드 변경 + alert 영향 검증
A17: BOC-04 | B17: P3 | C17: BOC | D17: 부채/인증 | E17: Session 미들웨어 복잡도 | F17: middleware/Session.js 60분 만료·중복로그인·리프레시 처리 복잡도 높음(리팩토링 대상). | G17: 복잡도로 인한 변경 위험·회귀 | H17: BOC 가이드 §4.1, §6 | I17: 리팩토링 대상. 테스트 확보(BOC-03) 후 단계적 정리. | J17: Grove | L17: 미착수 | M17: 리팩토링 후 회귀 미발생
A18: BOC-05 | B18: P4 | C18: BOC | D18: 부채/구조 | E18: 컴포넌트 피라미드 역전 | F18: Templates 59% / Atoms 7%로 역전. 기본 컴포넌트 부족. | G18: 재사용성 저하·중복 구현 | H18: BOC 가이드 §6 | I18: 기본(atom) 컴포넌트 보강, 점진적 리팩토링. | J18: Grove | L18: 미착수 | M18: 기본 컴포넌트 확보 | P18: 위생 항목
A19: BOC-06 | B19: P4 | C19: BOC | D19: 부채/타입 | E19: JS 잔존 (TS 마이그레이션) | F19: Store/Middleware/Utils에 JS 잔존. TS 마이그레이션 대상. | G19: 타입 안전성 부분 결여 | H19: BOC 가이드 §6 | I19: Store/Middleware/Utils TS 마이그레이션 점진 진행. | J19: Grove | L19: 미착수 | M19: 핵심 모듈 TS 전환 | P19: 위생 항목
A20: KEC-13 | B20: P4 | C20: KEC | D20: 부채/설정 | E20: 하드코딩 이벤트 키 → 설정 이관 | F20: PubgEventUtils.EXCLUDED_CONVERT_EVENT_KEYS = 2412-GOLDENEGG,2512-GOLDENEGG,2602-9ANNIVERSARY + '2607-PCCAFE' 하드코딩. | G20: 이벤트 추가 시 코드 수정 필요 | H20: KEC 가이드 §5-3 #6, §5-5 #5 | I20: 설정으로 이관. | J20: Grove | L20: 미착수 | M20: 설정 이관 후 동작 동일
A21: KEC-14 | B21: P4 | C21: KEC | D21: 부채/사양 | E21: 미사용 OES 응답필드 활용 결정 | F21: OesApiResponse isEnrolled·isTarget·completed·rewardClaimed 미사용. 완료 판정을 OES 아닌 KEC가 함. | G21: 판정 주체 의도 불명 → 정합성 검토 필요 | H21: KEC 가이드 §5-3 #10, §5-5 #6 | I21: 판정 주체 의도 확인 후 응답필드 활용 여부 결정. | J21: PUBG/KRAFTON | L21: 미착수 | M21: 판정 로직 의도 확정
A22: KEC-15 | B22: P4 | C22: KEC | D22: 부채/정리 | E22: 어드민 FE 죽은 키 oesMissionId 제거 | F22: EventMissionManagement.vue:1714 미션 options 기본값. 제거 예정(ec-admin-fe PR #201). | G22: 미사용 기본값 잔존 | H22: KEC 가이드 §5-3 #7, §5-5 #7 | I22: PR #201 반영/확인. | J22: Grove | L22: 미착수 | M22: 제거 확인 | P22: PR 예정
A23: KEC-16 | B23: P4 | C23: KEC | D23: 부채/정리 | E23: PCCAFE_OES 분리 · 기타 미사용 코드 | F23: PCCAFE_OES enum 미도입(TODO 주석), executeSingleItem() 빈 구현, oesMissionAsync() 미사용. | G23: 미완/미사용 코드 잔존 | H23: KEC 가이드 §5-3 #3,#4,#5, §5-5 #8 | I23: PC방 리팩토링 시 신규 함수 분리 및 미사용 제거. | J23: Grove | L23: 미착수 | M23: 정리 후 회귀 미발생
A24: KEC-17 | B24: P4 | C24: KEC | D24: QA/위생 | E24: Integration Test progress 판정 보강 | F24: progress 성공 판정이 message 공백 기준 → 실제 데이터 유무로 보강 필요. | G24: 테스트 신뢰도 저하 | H24: KEC 가이드 §5-5 #9 | I24: 성공 판정 기준을 실제 데이터 유무로 보강. | J24: Grove | L24: 미착수 | M24: 판정 기준 개선
A25: KEC-18 | B25: P4 | C25: KEC | D25: 위생/문서 | E25: 위키 경로 대소문자 불일치 | F25: 원본 위키 /v1/Event 표기 vs 실제 설정 /v1/event 대소문자 불일치. | G25: 문서-코드 불일치로 혼선 | H25: KEC 가이드 §5-5 #10 | I25: 표기 정리(문서/설정 일치). | J25: Grove | L25: 미착수 | M25: 표기 일치

Sheet 우선순위요약
A1: 우선순위별 · 상태별 현황 (관리대장 자동 집계)
A3: 우선순위 | B3: 항목 수 | C3: 미착수 | D3: 확인중 | E3: 진행중 | F3: 검증중 | G3: 완료 | H3: 보류
A4: P1 | B4: =COUNTIF(관리대장!$B$2:$B$25,$A4) -> 3 | C4: =COUNTIFS(관리대장!$B$2:$B$25,$A4,관리대장!$L$2:$L$25,C$3) -> 3 | D4: =COUNTIFS(관리대장!$B$2:$B$25,$A4,관리대장!$L$2:$L$25,D$3) -> 0 | E4: =COUNTIFS(관리대장!$B$2:$B$25,$A4,관리대장!$L$2:$L$25,E$3) -> 0 | F4: =COUNTIFS(관리대장!$B$2:$B$25,$A4,관리대장!$L$2:$L$25,F$3) -> 0 | G4: =COUNTIFS(관리대장!$B$2:$B$25,$A4,관리대장!$L$2:$L$25,G$3) -> 0 | H4: =COUNTIFS(관리대장!$B$2:$B$25,$A4,관리대장!$L$2:$L$25,H$3) -> 0
A5: P2 | B5: =COUNTIF(관리대장!$B$2:$B$25,$A5) -> 6 | C5: =COUNTIFS(관리대장!$B$2:$B$25,$A5,관리대장!$L$2:$L$25,C$3) -> 6 | D5: =COUNTIFS(관리대장!$B$2:$B$25,$A5,관리대장!$L$2:$L$25,D$3) -> 0 | E5: =COUNTIFS(관리대장!$B$2:$B$25,$A5,관리대장!$L$2:$L$25,E$3) -> 0 | F5: =COUNTIFS(관리대장!$B$2:$B$25,$A5,관리대장!$L$2:$L$25,F$3) -> 0 | G5: =COUNTIFS(관리대장!$B$2:$B$25,$A5,관리대장!$L$2:$L$25,G$3) -> 0 | H5: =COUNTIFS(관리대장!$B$2:$B$25,$A5,관리대장!$L$2:$L$25,H$3) -> 0
A6: P3 | B6: =COUNTIF(관리대장!$B$2:$B$25,$A6) -> 7 | C6: =COUNTIFS(관리대장!$B$2:$B$25,$A6,관리대장!$L$2:$L$25,C$3) -> 7 | D6: =COUNTIFS(관리대장!$B$2:$B$25,$A6,관리대장!$L$2:$L$25,D$3) -> 0 | E6: =COUNTIFS(관리대장!$B$2:$B$25,$A6,관리대장!$L$2:$L$25,E$3) -> 0 | F6: =COUNTIFS(관리대장!$B$2:$B$25,$A6,관리대장!$L$2:$L$25,F$3) -> 0 | G6: =COUNTIFS(관리대장!$B$2:$B$25,$A6,관리대장!$L$2:$L$25,G$3) -> 0 | H6: =COUNTIFS(관리대장!$B$2:$B$25,$A6,관리대장!$L$2:$L$25,H$3) -> 0
A7: P4 | B7: =COUNTIF(관리대장!$B$2:$B$25,$A7) -> 8 | C7: =COUNTIFS(관리대장!$B$2:$B$25,$A7,관리대장!$L$2:$L$25,C$3) -> 8 | D7: =COUNTIFS(관리대장!$B$2:$B$25,$A7,관리대장!$L$2:$L$25,D$3) -> 0 | E7: =COUNTIFS(관리대장!$B$2:$B$25,$A7,관리대장!$L$2:$L$25,E$3) -> 0 | F7: =COUNTIFS(관리대장!$B$2:$B$25,$A7,관리대장!$L$2:$L$25,F$3) -> 0 | G7: =COUNTIFS(관리대장!$B$2:$B$25,$A7,관리대장!$L$2:$L$25,G$3) -> 0 | H7: =COUNTIFS(관리대장!$B$2:$B$25,$A7,관리대장!$L$2:$L$25,H$3) -> 0
A8: 합계 | B8: =SUM(B4:B7) -> 24 | C8: =SUM(C4:C7) -> 24 | D8: =SUM(D4:D7) -> 0 | E8: =SUM(E4:E7) -> 0 | F8: =SUM(F4:F7) -> 0 | G8: =SUM(G4:G7) -> 0 | H8: =SUM(H4:H7) -> 0

Sheet 범례
A1: 기술부채 관리대장 · 범례 / 사용법
A3: 우선순위 정의
A4: P1 | B4: 즉시 대응 — LIVE 장애·중복지급·보안 노출 직결
A5: P2 | B5: 단기 대응 — 데이터 정합성·미검증 리스크(SOW §11 Acceptance 직결)
A6: P3 | B6: 중기 대응 — 부채 정리·회귀 안전망
A7: P4 | B7: 위생 항목 — 유지보수성(backlog 소화)
A9: 상태 값(드롭다운)
A10: 미착수 | B10: 인수인계 후 아직 착수 전(기본값)
A11: 확인중 | B11: 크래프톤/PUBG/커밋 owner 등에 사실·의도 확인 중
A12: 진행중 | B12: 수정·개발 진행 중
A13: 검증중 | B13: STG/QA 검증·보안 재검증 중
A14: 완료 | B14: Acceptance 기준 충족·반영 완료(SOW §11)
A15: 보류 | B15: 운영 판단으로 보류/회피(예: 다중 ID 미사용)
A17: 컬럼 안내
A18: 확인 필요처 | B18: 사실/의도/스펙을 물어야 할 대상 — 문서가 명시한 창구 우선(#external-api, PHQ, 커밋 owner, 보안팀)
A19: 담당 | B19: 실제 배정 담당(기입) — GS/KRAFTON/PUBG
A20: 검증 기준 | B20: SOW §11 Acceptance와 연계한 완료 판정 기준
A21: 우선순위요약 시트 | B21: 관리대장의 우선순위·상태를 COUNTIFS로 자동 집계
A23: 근거 문서
A24: SOW | B24: [Draft] Grove Soft BOC/KEC Core System Maintenance & Enhancement SOW (2026-07-02)
A25: BOC 가이드 | B25: BOC 시스템/아키텍처 가이드 (2026-07-09, develop, v1.3.x)
A26: KEC 가이드 | B26: KEC 개론/각론 — 특히 §5 미해결 과제 & 히스토리
A27: 주의 | B27: '미확인' 표기 항목은 문서가 확인 필요로 명시한 것 → 첫 미팅/인수인계 시 우선 컨택 확보
